{"cameraMode":{"drawMode":0,"name":"Shaded","section":"Shading Mode"},"sceneLighting":true,"audioPlay":false,"sceneViewState":{"showFog":true,"showMaterialUpdate":false,"showSkybox":true,"showFlares":true,"showImageEffects":true,"showParticleSystems":true},"in2DMode":false,"pivot":{"x":-0.15466919541358949,"y":4.419374942779541,"z":1.461160659790039},"rotation":{"x":0.706044614315033,"y":-0.0010622497648000718,"z":0.0010590676683932543,"w":0.7081660032272339},"size":10.63680362701416,"orthographic":true}